
-- 회원 더미 데이터 삽입
INSERT INTO bh_member (userName, password, name, gender, phone, email, role, point, zip, addr1, addr2, status, wdate, rdate) VALUES
	 ('admin','$2a$10$zM25SwQ74P0QiRvedN2zZekqKQa1K0KMdaEXs0r48yxAbEGe6N6y6','관리자',1,'010-5678-9012','admin@bookhub.com','ADMIN',0,'47353','부산광역시 부산진구','중앙대로 123',0,NULL,'2024-02-22 18:46:46'),
	 ('user1','$2a$10$Y.xHopea4tqZJyCj7hy9ye.Tf3ifGgsXzJ6WNUXH4dQWvyfaLZtAO','JaneSmith',1,'010-4567-8901','user1@example.com','USER',0,'47353','부산광역시 부산진구','중앙대로 123',0,NULL,'2024-02-22 18:51:54'),
	 ('user2','$2a$10$8vtHibzz7yG999T1NIVjO.6tVQCe4s13J5LarrvEM0OV8LYROg1eW','JaneSmith',2,'010-4567-8901','user2@example.com','USER',0,'47353','부산광역시 부산진구','중앙대로 123',0,NULL,'2024-02-22 18:53:09');
-- INSERT INTO bh_member (userName, password, name, gender, phone, email, role, point, zip, addr1, addr2, status, wdate, rdate)
-- VALUES
-- ('user1', 'password1', 'John Doe', 1, '123-4567-8901', 'user1@example.com', 'USER', 100, '12345', '123 Main St', 'Apt 101', 1, NOW(), NOW()),
-- ('user2', 'password2', 'Jane Smith', 2, '234-5678-9012', 'user2@example.com', 'USER', 50, '23456', '456 Elm St', 'Suite 202', 1, NOW(), NOW()),
-- ('user3', 'password3', 'Michael Johnson', 1, '345-6789-0123', 'user3@example.com', 'USER', 75, '34567', '789 Oak St', NULL, 1, NOW(), NOW()),
-- ('user4', 'password4', 'Emily Brown', 2, '456-7890-1234', 'user4@example.com', 'USER', 120, '45678', '901 Pine St', NULL, 1, NOW(), NOW()),
-- ('user5', 'password5', 'David Wilson', 1, '567-8901-2345', 'user5@example.com', 'USER', 200, '56789', '234 Cedar St', 'Unit 303', 1, NOW(), NOW()),
-- ('user6', 'password6', 'Sarah Taylor', 2, '678-9012-3456', 'user6@example.com', 'USER', 80, '67890', '345 Maple St', NULL, 1, NOW(), NOW()),
-- ('user7', 'password7', 'Christopher Lee', 1, '789-0123-4567', 'user7@example.com', 'USER', 150, '78901', '456 Walnut St', NULL, 1, NOW(), NOW()),
-- ('user8', 'password8', 'Emma Clark', 2, '890-1234-5678', 'user8@example.com', 'USER', 90, '89012', '567 Birch St', 'Apartment 404', 1, NOW(), NOW()),
-- ('user9', 'password9', 'Daniel Hernandez', 1, '901-2345-6789', 'user9@example.com', 'USER', 180, '90123', '678 Pineapple St', NULL, 1, NOW(), NOW()),
-- ('user10', 'password10', 'Olivia Davis', 2, '012-3456-7890', 'user10@example.com', 'USER', 300, '01234', '789 Orange St', 'Suite 505', 1, NOW(), NOW());


INSERT INTO `bh_cs_cate1` VALUES (10,'고객서비스',1),(20,'도서',2),(30,'독서모임',3),(40,'편의시설',4),(50,'포인트',5),(60,'위탁도서',6),(70,'기타',7);
INSERT INTO `bh_cs_cate2` VALUES (10,10,'도서관 소개','/about',23),(10,11,'공지사항','/notice/list',24),(10,12,'문의하기','/qna/list',25),(10,13,'자주 묻는 질문','/faq/list',26),(20,20,'도서 목록','/book/list-all',27),(20,21,'도서 통합검색','/book/search',28),(30,30,'모임 목록','/club/index',29),(30,31,'모임 개설','/club/save',30),(30,32,'모임 개설내역','/club/saveList',31),(30,33,'모임 찜 내역','/club/wishList',32),(40,40,'카페','/point/cafe',33),(40,41,'프린트/복사','/point/print',34),(40,42,'컴퓨터 사용','/point/computer',35),(40,43,'포인트 사용내역','/point/order-list',36),(50,50,'포인트 구매하기','/point-shop',37),(50,51,'EVENT','/',38),(60,60,'위탁 도서 목록','/share/read',39),(60,61,'도서 위탁하기','/share/write',40),(70,70,'칭찬/불만/제안','/',41),(70,71,'오류제보','/',42);
-- 회원포인트 더미 데이터 삽입
INSERT INTO bh_member_point (userName, pId, point, ptDate)
VALUES ('user1', 1, 50, CURRENT_TIMESTAMP),
       ('user2', 2, 75, CURRENT_TIMESTAMP);



-- 도서 대출 장바구니 더미 데이터 삽입
INSERT INTO bh_product_cart (userName, bId, rdate)
VALUES ('user1', 1, CURRENT_TIMESTAMP),
       ('user2', 2, CURRENT_TIMESTAMP);

-- 도서 대출 더미 데이터 삽입
INSERT INTO bh_book_borrow (userName, brComplete, brDate, bookNo)
VALUES ('user1', 1, CURRENT_TIMESTAMP, 1),
       ('user2', 0, CURRENT_TIMESTAMP, 2);

-- 문의 더미 데이터 삽입
INSERT INTO bh_cs_qna (cate1, cate2, title, content, writer, answerComplete, rdate)
VALUES (1, 1, 'Question 1', 'Content of Question 1', 'user1', 0, CURRENT_TIMESTAMP),
       (2, 2, 'Question 2', 'Content of Question 2', 'user2', 0, CURRENT_TIMESTAMP);

-- faq 더미 데이터 삽입
INSERT INTO bh_cs_faq (cate1, cate2, title, content, rdate)
VALUES (1, 1, 'FAQ 1', 'Content of FAQ 1', CURRENT_TIMESTAMP),
       (2, 2, 'FAQ 2', 'Content of FAQ 2', CURRENT_TIMESTAMP);

-- 공지사항 더미 데이터 삽입
INSERT INTO bh_cs_notice (cate1, cate2, title, content, writer, filepath, rdate) 
VALUES 
(1, 1, 'Sample Notice 1', 'Content of Sample Notice 1', 'John Doe', '/path/to/file1', '2024-03-05 10:00:00'),
(2, 2, 'Sample Notice 2', 'Content of Sample Notice 2', 'Jane Smith', '/path/to/file2', '2024-03-06 11:00:00'),
(1, 2, 'Sample Notice 3', 'Content of Sample Notice 3', 'Alice Johnson', '/path/to/file3', '2024-03-07 12:00:00');






-- 포인트샵 더미데이터
INSERT INTO bh_point_shop(prodName, point, price)
values('3000 포인트', 3000, 3500),
      ('5000 포인트', 5000, 5500),
      ('10000 포인트', 10000, 11000);

-- 출석체크 더미 데이터
insert into bh_attendance (userId, lastMonth, attendanceDays) 
	values ('admin', 3, '3, 4, 11'),
	('user1', 2, '5, 11, 13, 22, 27');




-- 독서모임　데이터
INSERT INTO `bh_club` (`userName`, `clubCate`, `clubName`, `descript`, `detail`, `cDate`, `host`, `headCount`, `hcApply`, `status`, `originFileName1`, `originFileName2`, `originFileName3`, `uploadFileName1`, `uploadFileName2`, `uploadFileName3`, `rdate`, `wdate`) VALUES
	('host1', 1, '함께성장-다능인', '내가 하고 싶은 일로 성취와 돈 모두 얻고 싶다면!', '멀리 가려면 함께 가야 합니다\r\n[함께성장]은 지속적인 성장을 통해, 더 나은 내가 되고 싶은 사람들을 위한 클럽입니다. 일을 더 잘 하는 법은 무엇일까? 내가 추구하는 일과 삶의 조화란 어떤 것일까? 좋은 리더와 동료는 어떤 사람이고 어떻게 되는 것일까?\r\n\r\n\r\n\r\n혼자서는 힘들다 느낀 것도, 함께라면 좀 더 즐기면서 이룰 수 있습니다. 비슷한 목표를 가진 사람들과 함께한 1년 뒤의 모습은 분명히 다를 겁니다. 인생의 상승곡선을 그리고 싶은 사람들과 ‘함께 성장’해봅시다.', '2024-03-16 19:00:00', '김수진 님', 20, 0, '신청가능', '57d70f32-cf1a-4145-8eb2-34b64805718d.함성 (28).png', NULL, NULL, '4aa4df70-d0a9-4c75-b8da-be3d6be25e4b_57d70f32-cf1a-4145-8eb2-34b64805718d.함성 (28).png', NULL, NULL, '2024-03-05 15:16:12', NULL),
	('host1', 1, '함께성장-시작', '나만의 뇌피셜이 아니라 뭐라도 일단 던져보는 \'시작\'', '[함께성장]은 지속적인 성장을 통해, 더 나은 내가 되고 싶은 사람들을 위한 클럽입니다. 일을 더 잘 하는 법은 무엇일까? 내가 추구하는 일과 삶의 조화란 어떤 것일까? 좋은 리더와 동료는 어떤 사람이고 어떻게 되는 것일까?\r\n\r\n\r\n\r\n혼자서는 힘들다 느낀 것도, 함께라면 좀 더 즐기면서 이룰 수 있습니다. 비슷한 목표를 가진 사람들과 함께한 1년 뒤의 모습은 분명히 다를 겁니다. 인생의 상승곡선을 그리고 싶은 사람들과 ‘함께 성장’해봅시다.', '2024-03-22 20:00:00', '김태훈 님', 20, 0, '신청가능', 'de43b495-8365-4c9b-bc60-b019e31fe421.함성.png', NULL, NULL, '2a9f9be1-7f87-4015-9f81-21f532b4b47d_de43b495-8365-4c9b-bc60-b019e31fe421.함성.png', NULL, NULL, '2024-03-05 15:18:57', NULL),
	('host1', 1, '스타트업-액션', '완벽하지 않아도 시작할 수 있습니다!', '[스타트업]은 이 사회에 풀고 싶은 문제가 있는 사람들, 기존 질서를 넘어 혁신을 이루고 싶은 꿈을 가진 사람들을 위한 클럽입니다. 예비 창업자, 스타트업 종사자, 스타트업에 관심을 갖기 시작한 분, 스타트업의 문제 해결 방식이 궁금한 분, 그 누구라도 상관없습니다.\r\n\r\n\r\n\r\n세상을 바꾼 사람들은 어떻게 기존 질서를 부수고 우리의 삶을 변화시켰을까요? 불가능한 것 같은 도전을 어떻게 현실로 만들었을까요? 그들의 이야기를 읽으며, 나만의 아이디어를 탄생시켜 봅시다. 지금에 만족하지 않고 기준을 높이고 싶은 분들, 환영합니다.', '2024-03-24 15:00:00', '최원석 님', 20, 0, '신청가능', 'b8323739-3533-4013-aa6d-c444d337c44c.스타트업 (29).png', NULL, NULL, '2582cc75-a5d9-444b-b674-81263587bbeb_b8323739-3533-4013-aa6d-c444d337c44c.스타트업 (29).png', NULL, NULL, '2024-03-05 15:20:14', NULL),
	('host1', 1, '마케팅-뷰자데', '세상에대한 호기심! no데자뷰, yes뷰자데!', '어떻게 하면 사람들의 마음을 사로잡는 제품과 서비스를 만들 수 있을까요? 어떻게 하면 사람들의 마음을 움직이는 커뮤니케이션을 할 수 있을까요? 이런 질문에 대해 고민하는 여러분을 위한 [마케팅] 클럽입니다.\r\n\r\n\r\n\r\n직업이나 직무는 상관없습니다. 내 선택이, 내 관점이 사람들의 마음을 두드릴 수 있을지 고민하고 있다면요! 그 길을 찾기 위해 골몰하고 있다면요! 우리는 마케팅과 관련된 책과 콘텐츠를 나누고 대화하며, 나만의 방법론을 구체화해 나갈 겁니다. 이런 가능성이 당신의 마음을 조금이라도 사로잡았다면, 함께 해봅시다.', '2024-04-07 10:00:00', '박세라 님', 20, 0, '신청가능', '68ef926d-a71c-4ac2-bc2c-73466a0f8fa1.마케팅 (23).png', NULL, NULL, '3dfeb2b6-db31-4ff2-99df-4857813c55cd_68ef926d-a71c-4ac2-bc2c-73466a0f8fa1.마케팅 (23).png', NULL, NULL, '2024-03-05 15:21:21', NULL),
	('host1', 1, '개발자들-심플', '코드 바깥의 세상과 사람에 관심을 가지는 개발자들', '[개발자들]은 장기적으로 좋은 개발자가 되고 싶은 모든 개발자를 위한 클럽입니다.\r\n\r\n\r\n\r\n개발‘만’ 잘 하면 어느 순간 한계에 부딪히게 될 수도 있어요. 코딩 실력이 아무리 좋아도 협업 능력, 고객 파악, 사고 대처능력, 우선순위 설정 등 너무나도 다양한 능력을 갖춰야만 하죠.\r\n\r\n\r\n\r\n멋진 개발자 파트너의 진행과 더불어 개발자 멤버들과 대화하다 보면 자연스럽게 내가 지금 필요한 것이 무엇인지 알 수 있을 거예요. 때로는 허를 찌르는 날카로운 질문들, 질문의 답을 찾기 위해 고민하는 시간을 통해 성장하는 개발자로 거듭나요!', '2024-04-04 20:00:00', '김동이 님', 20, 0, '신청가능', 'e36b9929-3d61-4d0f-8ea3-cf504254fba8.IT-디벨로퍼.png', NULL, NULL, '765487f5-5ff6-45d6-b61a-21924c8a3f79_e36b9929-3d61-4d0f-8ea3-cf504254fba8.IT-디벨로퍼.png', NULL, NULL, '2024-03-05 15:22:16', NULL),
	('host1', 1, '함께성장-동심', '무엇이든 제대로 잘 하고 싶은 사람 모여라!', '[함께성장]은 지속적인 성장을 통해, 더 나은 내가 되고 싶은 사람들을 위한 클럽입니다. 일을 더 잘 하는 법은 무엇일까? 내가 추구하는 일과 삶의 조화란 어떤 것일까? 좋은 리더와 동료는 어떤 사람이고 어떻게 되는 것일까?\r\n\r\n\r\n\r\n혼자서는 힘들다 느낀 것도, 함께라면 좀 더 즐기면서 이룰 수 있습니다. 비슷한 목표를 가진 사람들과 함께한 1년 뒤의 모습은 분명히 다를 겁니다. 인생의 상승곡선을 그리고 싶은 사람들과 ‘함께 성장’해봅시다.', '2024-03-08 19:30:00', '심소희 님', 20, 0, '신청가능', '0ef8e7ac-7388-43f5-b17e-452fac3f977d.함성 (23).png', NULL, NULL, 'f6b07b51-d7d0-4b3e-8b60-d84d443fd801_0ef8e7ac-7388-43f5-b17e-452fac3f977d.함성 (23).png', NULL, NULL, '2024-03-05 15:23:23', NULL),
	('host1', 1, '스타트업-완두콩', '다양한 인적 네트워크와 창의적인 인사이트를 모임마다 얻어 가고 싶다면', '[스타트업]은 이 사회에 풀고 싶은 문제가 있는 사람들, 기존 질서를 넘어 혁신을 이루고 싶은 꿈을 가진 사람들을 위한 클럽입니다. 예비 창업자, 스타트업 종사자, 스타트업에 관심을 갖기 시작한 분, 스타트업의 문제 해결 방식이 궁금한 분, 그 누구라도 상관없습니다.\r\n\r\n\r\n\r\n세상을 바꾼 사람들은 어떻게 기존 질서를 부수고 우리의 삶을 변화시켰을까요? 불가능한 것 같은 도전을 어떻게 현실로 만들었을까요? 그들의 이야기를 읽으며, 나만의 아이디어를 탄생시켜 봅시다. 지금에 만족하지 않고 기준을 높이고 싶은 분들, 환영합니다.', '2024-03-09 15:00:00', '오휘서 님', 30, 0, '신청가능', '647f9124-c777-4b55-964e-e4b0bc2e611a.스타트업 (33).png', NULL, NULL, '05bf31a2-01c1-4b1e-97be-2207fedcb75c_647f9124-c777-4b55-964e-e4b0bc2e611a.스타트업 (33).png', NULL, NULL, '2024-03-05 15:24:42', NULL),
	('host1', 1, '디깅더브랜드-똑똑', '그 많던 브랜드는 다 어디로 갔을까?', '[디깅더브랜드]는 브랜드를 함께 공부하고 체험하는 커뮤니티입니다. 브랜드에 관한 책을 읽고 인사이트를 나누는 것은 물론, 팝업스토어나 오프라인 공간을 다니며 온몸으로 브랜드를 느껴봅시다.\r\n\r\n\r\n\r\n호기심이 많고 새로운 아이디어에 눈이 반짝 반짝해지는 멤버들과 함께라면, 다양한 생각과 대화가 모여 브랜드에 대한 관점이 형성되는 경험을 하게 될 겁니다.', '2024-03-09 19:30:00', '강단비 님', 10, 0, '신청가능', '3ef1d55c-d856-4402-97f6-fff0739562a3.디깅더브랜드.png', NULL, NULL, 'b9615ac3-6bb9-456f-aea9-52bd5faeaa02_3ef1d55c-d856-4402-97f6-fff0739562a3.디깅더브랜드.png', NULL, NULL, '2024-03-05 15:25:35', NULL),
	('host1', 1, '함께성장-퍼스널브랜딩', '바야흐로 대 퍼스널브랜딩 시대', '[함께성장]은 지속적인 성장을 통해, 더 나은 내가 되고 싶은 사람들을 위한 클럽입니다. 일을 더 잘 하는 법은 무엇일까? 내가 추구하는 일과 삶의 조화란 어떤 것일까? 좋은 리더와 동료는 어떤 사람이고 어떻게 되는 것일까?\r\n\r\n\r\n\r\n혼자서는 힘들다 느낀 것도, 함께라면 좀 더 즐기면서 이룰 수 있습니다. 비슷한 목표를 가진 사람들과 함께한 1년 뒤의 모습은 분명히 다를 겁니다. 인생의 상승곡선을 그리고 싶은 사람들과 ‘함께 성장’해봅시다.', '2024-03-22 19:30:00', '안현섭 님', 15, 0, '신청가능', 'ee4725db-43de-4f6a-b4af-49d77299edbb.함성 (27).png', NULL, NULL, 'd7959b70-22b1-479a-a420-9c356bf97ee1_ee4725db-43de-4f6a-b4af-49d77299edbb.함성 (27).png', NULL, NULL, '2024-03-05 15:26:47', NULL),
	('host1', 1, '마케팅-오구오구', '마케터의 희로애락을 나누고 싶은 분이라면!', '어떻게 하면 사람들의 마음을 사로잡는 제품과 서비스를 만들 수 있을까요? 어떻게 하면 사람들의 마음을 움직이는 커뮤니케이션을 할 수 있을까요? 이런 질문에 대해 고민하는 여러분을 위한 [마케팅] 클럽입니다.\r\n\r\n\r\n\r\n직업이나 직무는 상관없습니다. 내 선택이, 내 관점이 사람들의 마음을 두드릴 수 있을지 고민하고 있다면요! 그 길을 찾기 위해 골몰하고 있다면요! 우리는 마케팅과 관련된 책과 콘텐츠를 나누고 대화하며, 나만의 방법론을 구체화해 나갈 겁니다. 이런 가능성이 당신의 마음을 조금이라도 사로잡았다면, 함께 해봅시다.', '2024-03-23 10:00:00', '박세희 님', 15, 0, '신청가능', '61724c0c-c6bd-4f8b-b7f2-6c1a169ce43b.마케팅 (28).png', NULL, NULL, 'e2ab0805-a51b-4e48-b562-c1a6b8217a00_61724c0c-c6bd-4f8b-b7f2-6c1a169ce43b.마케팅 (28).png', NULL, NULL, '2024-03-05 15:27:57', NULL),
	('host1', 1, '함께성장-로켓', '성장만큼 짜릿한 게 없답니다.', '[함께성장]은 지속적인 성장을 통해, 더 나은 내가 되고 싶은 사람들을 위한 클럽입니다. 일을 더 잘 하는 법은 무엇일까? 내가 추구하는 일과 삶의 조화란 어떤 것일까? 좋은 리더와 동료는 어떤 사람이고 어떻게 되는 것일까?\r\n\r\n\r\n\r\n혼자서는 힘들다 느낀 것도, 함께라면 좀 더 즐기면서 이룰 수 있습니다. 비슷한 목표를 가진 사람들과 함께한 1년 뒤의 모습은 분명히 다를 겁니다. 인생의 상승곡선을 그리고 싶은 사람들과 ‘함께 성장’해봅시다.', '2024-03-23 15:00:00', '인호준 님', 10, 0, '신청가능', 'd5e40fcf-1c5e-4f2f-a2d2-373a5f5544f0.함성 (24).png', NULL, NULL, '73990c16-aa15-4b49-b67e-a936b0da4935_d5e40fcf-1c5e-4f2f-a2d2-373a5f5544f0.함성 (24).png', NULL, NULL, '2024-03-05 15:28:48', NULL),
	('host1', 1, '함께성장-BORN AGAIN', '실질적인 인사이트를 깊이 있게 나누며 리얼 \'딥 다이브\'하실 준비되셨나요?', '[함께성장]은 지속적인 성장을 통해, 더 나은 내가 되고 싶은 사람들을 위한 클럽입니다. 일을 더 잘 하는 법은 무엇일까? 내가 추구하는 일과 삶의 조화란 어떤 것일까? 좋은 리더와 동료는 어떤 사람이고 어떻게 되는 것일까?\r\n\r\n\r\n\r\n혼자서는 힘들다 느낀 것도, 함께라면 좀 더 즐기면서 이룰 수 있습니다. 비슷한 목표를 가진 사람들과 함께한 1년 뒤의 모습은 분명히 다를 겁니다. 인생의 상승곡선을 그리고 싶은 사람들과 ‘함께 성장’해봅시다.', '2024-03-23 15:00:00', '박승표 님', 20, 0, '신청가능', 'bddee74c-4f5b-44f9-87f5-e94504c7d239.함성 (26).png', NULL, NULL, '8645d739-a244-441e-83be-54fe97c3980c_bddee74c-4f5b-44f9-87f5-e94504c7d239.함성 (26).png', NULL, NULL, '2024-03-05 15:29:59', NULL),
	('host1', 1, '함께성장-파워업', 'LET\'S POWER UP!', '[함께성장]은 지속적인 성장을 통해, 더 나은 내가 되고 싶은 사람들을 위한 클럽입니다. 일을 더 잘 하는 법은 무엇일까? 내가 추구하는 일과 삶의 조화란 어떤 것일까? 좋은 리더와 동료는 어떤 사람이고 어떻게 되는 것일까?\r\n\r\n\r\n\r\n혼자서는 힘들다 느낀 것도, 함께라면 좀 더 즐기면서 이룰 수 있습니다. 비슷한 목표를 가진 사람들과 함께한 1년 뒤의 모습은 분명히 다를 겁니다. 인생의 상승곡선을 그리고 싶은 사람들과 ‘함께 성장’해봅시다.', '2024-03-23 15:00:00', '유주연 님', 15, 0, '신청가능', '2f792034-97b9-47c8-9f63-8aadbd3920b2.함성 (31).png', NULL, NULL, '497581ed-73ed-4e32-808f-1bf620d6848b_2f792034-97b9-47c8-9f63-8aadbd3920b2.함성 (31).png', NULL, NULL, '2024-03-05 15:31:01', NULL),
	('host1', 1, '마케팅-푸딩', '미처 몰랐던 새로운 세상을 경험하고 싶은 마케터들 모여라!', '어떻게 하면 사람들의 마음을 사로잡는 제품과 서비스를 만들 수 있을까요? 어떻게 하면 사람들의 마음을 움직이는 커뮤니케이션을 할 수 있을까요? 이런 질문에 대해 고민하는 여러분을 위한 [마케팅] 클럽입니다.\r\n\r\n\r\n\r\n직업이나 직무는 상관없습니다. 내 선택이, 내 관점이 사람들의 마음을 두드릴 수 있을지 고민하고 있다면요! 그 길을 찾기 위해 골몰하고 있다면요! 우리는 마케팅과 관련된 책과 콘텐츠를 나누고 대화하며, 나만의 방법론을 구체화해 나갈 겁니다. 이런 가능성이 당신의 마음을 조금이라도 사로잡았다면, 함께 해봅시다.', '2024-03-23 19:30:00', '김민주 님', 20, 0, '신청가능', '687415dd-9dbe-4c7a-bb83-8b09401f4619.마케팅 (26).png', NULL, NULL, 'c3920571-6024-4f76-9c2c-723f85a3e7df_687415dd-9dbe-4c7a-bb83-8b09401f4619.마케팅 (26).png', NULL, NULL, '2024-03-05 15:31:53', NULL),
	('host1', 1, '디깅더브랜드-봄', '일상에서 익숙한 브랜드들, 새롭게 바라봄!', '[디깅더브랜드]는 브랜드를 함께 공부하고 체험하는 커뮤니티입니다. 브랜드에 관한 책을 읽고 인사이트를 나누는 것은 물론, 팝업스토어나 오프라인 공간을 다니며 온몸으로 브랜드를 느껴봅시다.\r\n\r\n\r\n\r\n호기심이 많고 새로운 아이디어에 눈이 반짝 반짝해지는 멤버들과 함께라면, 다양한 생각과 대화가 모여 브랜드에 대한 관점이 형성되는 경험을 하게 될 겁니다.', '2024-03-24 15:00:00', '김성훈 님', 20, 0, '신청가능', '7f0c45ec-dc10-419f-baa8-46b7290cfb84.디깅더브랜드.png', NULL, NULL, 'd84e4d14-4e56-47ab-ba6b-d91766302ed4_7f0c45ec-dc10-419f-baa8-46b7290cfb84.디깅더브랜드.png', NULL, NULL, '2024-03-05 15:32:44', NULL),
	('host1', 1, '함께성장-빼기', '삶을 단순하고 명료하게 만드는 힘', '[함께성장]은 지속적인 성장을 통해, 더 나은 내가 되고 싶은 사람들을 위한 클럽입니다. 일을 더 잘 하는 법은 무엇일까? 내가 추구하는 일과 삶의 조화란 어떤 것일까? 좋은 리더와 동료는 어떤 사람이고 어떻게 되는 것일까?\r\n\r\n\r\n\r\n혼자서는 힘들다 느낀 것도, 함께라면 좀 더 즐기면서 이룰 수 있습니다. 비슷한 목표를 가진 사람들과 함께한 1년 뒤의 모습은 분명히 다를 겁니다. 인생의 상승곡선을 그리고 싶은 사람들과 ‘함께 성장’해봅시다.', '2024-04-06 10:00:00', '도명 님', 15, 0, '신청가능', '50152864-6a26-4c5d-969e-ec3ca01a98cc.함성 (30).png', NULL, NULL, '39730e78-bf54-48e4-ae3b-665580861e95_50152864-6a26-4c5d-969e-ec3ca01a98cc.함성 (30).png', NULL, NULL, '2024-03-05 15:34:03', NULL),
	('host1', 2, '문-레드', '진솔한 토론, 재미난 뒤풀이, 다양한 번개를 추구하는 문학 모임', '사람을 사람답게, 문학을 읽는 이유 아닐까요?\r\n문학은 무관심했던 주제에 흥미를 갖게 합니다. 미워했던 사람을 용서하게 합니다. 상상해본 적 없는 삶을 기대하게 합니다. 노벨문학상 수상 작가 압둘자라크 구르나는 “사람을 사람답게 만드는 게 문학”이라고 했죠.\r\n\r\n\r\n\r\n우리는 소설, 수필, 시, 희곡을 함께 읽습니다. 악당, 히어로, 어린이, 외계인, 장애인, 사이보그를 만나봅시다. 23세기 서울, 고대 그리스의 아테네, 90년대 홍콩을 누벼봅시다. 그 안에서 나를, 우리를, 타인을, 세상을 마주해 봅시다.', '2024-04-06 15:00:00', '김종열 님', 15, 0, '신청가능', 'ba48d6b1-52fc-438b-b30d-9ca3f9403b98.문.png', NULL, NULL, 'a901bf4d-2a2e-4923-a4b3-88f600c3b6c3_ba48d6b1-52fc-438b-b30d-9ca3f9403b98.문.png', NULL, NULL, '2024-03-05 15:37:49', NULL),
	('host1', 2, '문-블랙', '17년부터 지속된 문학 모임, 사람과 술을 사랑한다면 여기로!', '문학은 무관심했던 주제에 흥미를 갖게 합니다. 미워했던 사람을 용서하게 합니다. 상상해본 적 없는 삶을 기대하게 합니다. 노벨문학상 수상 작가 압둘자라크 구르나는 “사람을 사람답게 만드는 게 문학”이라고 했죠.\r\n\r\n\r\n\r\n우리는 소설, 수필, 시, 희곡을 함께 읽습니다. 악당, 히어로, 어린이, 외계인, 장애인, 사이보그를 만나봅시다. 23세기 서울, 고대 그리스의 아테네, 90년대 홍콩을 누벼봅시다. 그 안에서 나를, 우리를, 타인을, 세상을 마주해 봅시다.', '2024-03-13 20:00:00', '차주현 님', 20, 0, '신청가능', 'e03d4984-543a-4fe5-ad32-36b99f87def5.문 (28).png', NULL, NULL, '9f7ccb3e-bbe3-4059-94cf-857b8bc0675f_e03d4984-543a-4fe5-ad32-36b99f87def5.문 (28).png', NULL, NULL, '2024-03-05 15:39:03', NULL),
	('host1', 2, '문-열린', '한 달에 한 번은 낭만적일 필요가 있어요!', '문학은 무관심했던 주제에 흥미를 갖게 합니다. 미워했던 사람을 용서하게 합니다. 상상해본 적 없는 삶을 기대하게 합니다. 노벨문학상 수상 작가 압둘자라크 구르나는 “사람을 사람답게 만드는 게 문학”이라고 했죠.\r\n\r\n\r\n\r\n우리는 소설, 수필, 시, 희곡을 함께 읽습니다. 악당, 히어로, 어린이, 외계인, 장애인, 사이보그를 만나봅시다. 23세기 서울, 고대 그리스의 아테네, 90년대 홍콩을 누벼봅시다. 그 안에서 나를, 우리를, 타인을, 세상을 마주해 봅시다.', '2024-03-15 20:00:00', '김소영 님', 20, 0, '신청가능', '93c2ed8a-2697-4c50-81f3-4769da34775f.문 (30).png', NULL, NULL, '4aaeefc7-a94e-422e-ba43-de3bf1cdaf9a_93c2ed8a-2697-4c50-81f3-4769da34775f.문 (30).png', NULL, NULL, '2024-03-05 15:40:16', NULL),
	('host1', 2, '문-함께봄', '"함께봄"에서는 누구든지 매달 책을 읽을 수 있어요!', '사람을 사람답게, 문학을 읽는 이유 아닐까요?\r\n문학은 무관심했던 주제에 흥미를 갖게 합니다. 미워했던 사람을 용서하게 합니다. 상상해본 적 없는 삶을 기대하게 합니다. 노벨문학상 수상 작가 압둘자라크 구르나는 “사람을 사람답게 만드는 게 문학”이라고 했죠.\r\n\r\n\r\n\r\n우리는 소설, 수필, 시, 희곡을 함께 읽습니다. 악당, 히어로, 어린이, 외계인, 장애인, 사이보그를 만나봅시다. 23세기 서울, 고대 그리스의 아테네, 90년대 홍콩을 누벼봅시다. 그 안에서 나를, 우리를, 타인을, 세상을 마주해 봅시다.', '2024-04-06 15:00:00', '류은진 님', 20, 0, '신청가능', 'a92d0d43-bc39-4c46-8c19-68b104063348.문 (29).png', NULL, NULL, '52f715e1-7c43-4c6c-8091-4470af165c8a_a92d0d43-bc39-4c46-8c19-68b104063348.문 (29).png', NULL, NULL, '2024-03-05 15:41:13', NULL),
	('host1', 3, '파운더의 사고방식-프런티어', '누구보다 치열하게 대화 나누며 나만의 새로운 길을 그려봅시다', '우리 시대를 살아가기 위한 사고방식, 창업가의 사고방식\r\n자본주의 사회에서 삶의 주도권을 잡기 위해, 창업가의 태도와 역량이 필요하다고 믿는 사람들이 모인 클럽입니다. 창업가야 말로 자본주의의 가장 앞단에서 주도적인 삶을 개척하는 사람이니까요.\r\n\r\n\r\n\r\n우리는 이곳에서 일과 삶의 원칙을 세워나가고, 돈과 시간에 대한 관점을 뒤집어보고, 인간에 대한 이해도를 높여나가며, 창업가들의 태도와 역량을 훔쳐 갈 겁니다. \r\n\r\n\r\n\r\n스스로가 창업가라고 생각하며 삶을 살아봅시다. 창업을 하든 하지 않든 창업가들의 머릿속을 훔쳐보고 그들의 성공 방정식을 해킹해 봅시다. 자유와 주도적인 삶을 향한 여정을 함께 할 동료들을 만나봅시다. ', '2024-03-17 15:00:00', '안성진 님', 20, 0, '신청가능', '6fb29124-1155-43a3-8269-004a932db0ed.파운더 (2).png', NULL, NULL, 'c1bbc920-8554-491f-8c44-555c3e2d11c5_6fb29124-1155-43a3-8269-004a932db0ed.파운더 (2).png', NULL, NULL, '2024-03-05 16:11:39', NULL),
	('host1', 3, '파운더의 사고방식-창업시작', '회사 생활만으로는 원하는 자유를 얻을 수 없다 생각한다면!', '우리 시대를 살아가기 위한 사고방식, 창업가의 사고방식\r\n자본주의 사회에서 삶의 주도권을 잡기 위해, 창업가의 태도와 역량이 필요하다고 믿는 사람들이 모인 클럽입니다. 창업가야 말로 자본주의의 가장 앞단에서 주도적인 삶을 개척하는 사람이니까요.\r\n\r\n\r\n\r\n우리는 이곳에서 일과 삶의 원칙을 세워나가고, 돈과 시간에 대한 관점을 뒤집어보고, 인간에 대한 이해도를 높여나가며, 창업가들의 태도와 역량을 훔쳐 갈 겁니다. \r\n\r\n\r\n\r\n스스로가 창업가라고 생각하며 삶을 살아봅시다. 창업을 하든 하지 않든 창업가들의 머릿속을 훔쳐보고 그들의 성공 방정식을 해킹해 봅시다. 자유와 주도적인 삶을 향한 여정을 함께 할 동료들을 만나봅시다. ', '2024-03-21 19:30:00', '김녕훈 ', 15, 0, '신청가능', '0cbade5c-4a2f-4363-83ad-757385ed2ea7.png', NULL, NULL, 'b0b21ce9-0439-4bf8-a1f3-ed832f031872_0cbade5c-4a2f-4363-83ad-757385ed2ea7.png', NULL, NULL, '2024-03-05 16:12:30', NULL),
	('host1', 4, '북씨-설렘', '정말 재미있는 작품을 만났을 때 감동과 설렘을 다시 느끼고 싶다면?', '책과 영화를 페어링할 때 일어나는 마법\r\n“이 책을 이 영화랑 본다고?” 책과 영화를 더 깊이 즐기는 클럽 [북씨]입니다. 두 작품이 공유하는 주제를 놓고 대화하다 보면, 작품 속에서 무심코 지나친 부분을 새롭게 느낄 수 있습니다.\r\n\r\n\r\n\r\n또 영화와 책의 취향을 공유할 수 있는 친구를 만드는 클럽입니다. 대화를 나눌 작품이 1+1인 만큼, 나눌 수 있는 대화의 갈래는 열 배, 백 배일 겁니다. 이곳에 오면 영화와 책을 사랑하게 될 거예요. 진심으로요!\r\n\r\n\r\n\r\n✔️ [북씨] 클럽은 매 모임 선정된 영화와 책을 바탕으로 대화를 나눕니다. 모임 참석 전, 책과 영화를 모두 보고 와주세요.', '2024-04-07 15:00:00', '전범준 님', 15, 0, '신청가능', '747ba02c-70bf-4bd1-874c-a37aa8dd3482.북씨 (96).png', NULL, NULL, 'eff1786b-a500-494e-8d77-3bd96412f69c_747ba02c-70bf-4bd1-874c-a37aa8dd3482.북씨 (96).png', NULL, NULL, '2024-03-05 16:15:35', NULL),
	('host1', 4, '북씨-스푸키', '신규 멤버가 연장 멤버가 되는 클럽! 무서운 이야기를 나눠요!', '“이 책을 이 영화랑 본다고?” 책과 영화를 더 깊이 즐기는 클럽 [북씨]입니다. 두 작품이 공유하는 주제를 놓고 대화하다 보면, 작품 속에서 무심코 지나친 부분을 새롭게 느낄 수 있습니다.\r\n\r\n\r\n\r\n또 영화와 책의 취향을 공유할 수 있는 친구를 만드는 클럽입니다. 대화를 나눌 작품이 1+1인 만큼, 나눌 수 있는 대화의 갈래는 열 배, 백 배일 겁니다. 이곳에 오면 영화와 책을 사랑하게 될 거예요. 진심으로요!\r\n\r\n\r\n\r\n✔️ [북씨] 클럽은 매 모임 선정된 영화와 책을 바탕으로 대화를 나눕니다. 모임 참석 전, 책과 영화를 모두 보고 와주세요.', '2024-03-09 15:00:00', '조민국 님', 15, 0, '신청가능', 'b086248f-2585-4abe-a040-06fb0f7c6877.북씨 (98).png', NULL, NULL, 'a1f73590-6bbf-4b16-9374-6bff909fdd8c_b086248f-2585-4abe-a040-06fb0f7c6877.북씨 (98).png', NULL, NULL, '2024-03-05 16:17:02', NULL),
	('host1', 4, '천일영화', '영화 저널리스트, 대중문화 칼럼니스트 민용준 님', '올해로 6년차를 맞이한 [천일영화] 클럽은 영화 원작 도서와 해당 영화를 감상한 멤버들과 모여, 영화로 가능한 대화를 제시하고 삶과 낙에 관한 다양한 시각과 관점을 공유하는 모임이었습니다. 하지만 지난 시즌부터는 영화 원작이라는 기준에서 벗어난 도서와 영화를 연결해 각기 다른 두 창작적 결과를 충돌시키거나 융합하며 보다 너르고 색다른 사유와 견해로 팽창하고 확장할 수 있는 대화의 가능성을 제공하고자 했습니다.\r\n\r\n\r\n\r\n이번 시즌의 [천일영화] 역시 그러한 가능성을 느낄 수 있는 자리를 마련하고자 합니다. [천일영화]는 클럽장을 맡고 있는 민용준 기자의 발제문을 토대로 멤버들끼리 서로 생각을 교류하고 공감의 폭을 넓혀나가는 과정과 함께 선정된 작품에 관한 클럽장의 해설을 듣는 시간도 충실하게 제공됩니다. 클럽장이 직접 선정한 영화와 도서에 대한 감상을 보다 너르고 깊게 강화하고 확대할 수 있는 낙을 제공하고자 해당 도서와 영화를 둘러싼 지식과 해설을 망라하게 전합니다.', '2024-03-30 15:00:00', '민용준 님', 30, 0, '신청가능', 'a758bada-5574-4d6a-a2a6-5d809c4780fd.png', NULL, NULL, '755544cf-c569-421e-88cc-ccc13458d430_a758bada-5574-4d6a-a2a6-5d809c4780fd.png', NULL, NULL, '2024-03-05 16:18:41', NULL),
	('host1', 5, '과학의 창으로 보는 세상의 언어', '44만 유튜브 채널 \'과학쿠키\' 운영자 이효종 님', '덮어놓고 어렵다고만 생각했던 과학, 쉽고 재미있게!\r\n얼음은 왜 녹을까요? 인간의 폐와 나무는 왜 닮았을까요? 우리가 당연하게 생각하는 모습이지만, 이 현상들을 호기심을 가지고 바라보는 것이 쉽지 않을 때가 있습니다.\r\n\r\n\r\n\r\n[과학을 쿠키처럼!]에서는 정답이 아닌, 수많은 \'나\'가 모인 세상을 이해하는 \'도구\' 중 하나로 과학을 써먹어 볼 겁니다. 44만 유튜브 채널 \'과학쿠키\' 운영자 클럽장 이효종 님과 함께 우리 주변 현상들을 과학적 사고로 설명하는 책들 읽으면서요. \r\n\r\n\r\n\r\n과학의 정수라고 할 수 있는 우주와 생명에 대해 통찰을 담은 책, 『인포메이션』과 『생명의 수학』을 읽는 것만으로 나와 우리를 이해하는 데 큰 도움이 될 거라 생각합니다. 과학을 일부러 재밌게 배우지 않아도, 그 자체만으로 충분히 재미있고 아름답다는 것도 알게 될 거예요. \r\n\r\n\r\n\r\n"책에 담긴 수많은 정보들을 혼자 소화하기엔 조금 버거울 수 있습니다. 그래서 함께 읽어보고 싶어요. 평소엔 쓰지 않던 뇌를 써볼 수 있는 기회, 신선한 충격을 받는 시간이 될 수 있을 겁니다. 과학이라는 호기심을 통해 세상을 바라보고 싶으신 지적 호기심에 목마른 분들 모두 환영해요!"', '2024-03-24 15:00:00', '이효종 님', 30, 0, '신청가능', 'ec423532-ae3a-4a6b-bc40-5d234e70133b.이효종 님.jpeg.png', NULL, NULL, 'e028bf7a-f378-4e70-8a78-d0e8222a2052_ec423532-ae3a-4a6b-bc40-5d234e70133b.이효종 님.jpeg.png', NULL, NULL, '2024-03-05 16:22:32', NULL),
	('host1', 3, '파운더의 사고방식-자유', '돈 벌어서 어떻게 쓰고 계십니까?', '우리 시대를 살아가기 위한 사고방식, 창업가의 사고방식\r\n자본주의 사회에서 삶의 주도권을 잡기 위해, 창업가의 태도와 역량이 필요하다고 믿는 사람들이 모인 클럽입니다. 창업가야 말로 자본주의의 가장 앞단에서 주도적인 삶을 개척하는 사람이니까요.\r\n\r\n\r\n\r\n우리는 이곳에서 일과 삶의 원칙을 세워나가고, 돈과 시간에 대한 관점을 뒤집어보고, 인간에 대한 이해도를 높여나가며, 창업가들의 태도와 역량을 훔쳐 갈 겁니다. \r\n\r\n\r\n\r\n스스로가 창업가라고 생각하며 삶을 살아봅시다. 창업을 하든 하지 않든 창업가들의 머릿속을 훔쳐보고 그들의 성공 방정식을 해킹해 봅시다. 자유와 주도적인 삶을 향한 여정을 함께 할 동료들을 만나봅시다. ', '2024-04-06 15:00:00', '우승배 님', 15, 0, '신청가능', 'd7cc04da-bf52-40bf-88ef-436440111326.파운더 (2).png', NULL, NULL, '8281612a-a61e-486e-8175-65ae398666cd_d7cc04da-bf52-40bf-88ef-436440111326.파운더 (2).png', NULL, NULL, '2024-03-05 16:32:37', NULL),
	('host1', 6, '잉잉-투게더', 'Miss conversing in English?', '영어로 읽어야 더 좋은 책이 있습니다.\r\n우리 사회에서는 영어는 곧 시험점수로 환산되기 마련이죠. 그러나 우리는 알고 있습니다. 시험지 속 영어 지문이 영어의 전부가 아니라는 것도, 출제자가 아닌 작가의 어조와 뉘앙스를 느낄 수 있는 게 영어 원서의 매력이라는 것도 말이죠.\r\n\r\n\r\n\r\n막상 영어 원서를 읽고, 책을 읽자니 함께할 사람을 찾는 게 쉽지 않습니다. 그래서 트레바리는 [잉잉]을 만들었습니다. 영어에 관심과 의욕이 있는 사람들이 모여 지적인 대화를 나누고, 함께 친해질 수 있도록요.\r\n\r\n\r\n\r\n사실은 그냥 한국어보다 영어가 편해서 [잉잉]을 선택하실 수도 있죠. 뭐 어때요. 어떤 이유에서든 우리는 영어로 된 책을 함께 읽고, 영어로 독후감을 쓰고, 영어로 대화를 나눕니다. 우리가, 함께!', '2024-04-03 20:00:00', '구세권 님', 20, 0, '신청가능', '8f70cb21-7b49-484a-bad7-91cae543e1bf.png', NULL, NULL, 'a856843c-08c3-4e11-986b-4e17cea578c6_8f70cb21-7b49-484a-bad7-91cae543e1bf.png', NULL, NULL, '2024-03-05 16:36:03', NULL),
	('host1', 6, '무경계-무탈', '평생의 인연을 얻을 수 있는 클럽! 평안함을 위한 여정에 함께 해보세요.', '독서모임의 진수 [무경계]에 오신 것을 환영합니다\r\n[무경계]는 이름 그대로 경계가 없는 클럽입니다. 그래서 모임의 주제도, 함께 읽을 책도 정해져 있지 않죠. 주제와 장르를 불문하고 어떤 책이든 편견 없이 읽고 대화하기 위해 모든 것은 추천과 투표로 결정합니다.\r\n\r\n\r\n\r\n우리는 혼자라면 읽지 않았을 책을 함께 정하고, 읽습니다. 다양한 사람들과 대화하며 서로의 취향을 나누고, 그 과정에서 혼자라면 하지 않았을, 못했을 생각과 경험을 마주할 거예요.', '2024-04-06 15:00:00', '박영선 님', 15, 9, '신청가능', 'fee50bf0-97bf-4688-8bb1-feb4991aac6d.무경계 (25).png', NULL, NULL, 'f31a55bd-910f-4bfc-9525-2ecb351057ef_fee50bf0-97bf-4688-8bb1-feb4991aac6d.무경계 (25).png', NULL, NULL, '2024-03-05 16:36:55', NULL),
	('host1', 6, '체험독서-시선', '진실, 선택, 취향과 남겨짐…익숙한 주제를 색다른 시선으로 보기!', '할까, 말까 고민될 때 “남는 건 경험!”이라 외치는 당신에게\r\n새로운 경험은 나 자신을 더 잘 알게 해주고, 취향의 폭을 넓혀주며, 세상에 대한 이해도를 높여줍니다. 우리는 책을 읽고, 책 내용을 직접 경험할 겁니다. 미술책을 읽고 화가가 된 듯 그림을 그려 봅시다. 소설을 읽고 두 주인공이 이별을 맞이한 장소에 직접 가봅시다.\r\n\r\n\r\n\r\n책과 커뮤니티의 힘을 빌린다면, 무궁무진한 경험의 세계가 펼쳐질 거예요. 내가 이 경험을 좋아할지 아닐지는, 경험해 봐야 알겠죠!', '2024-04-13 10:00:00', '김동현 님', 15, 9, '신청가능', 'b3e7aadd-c7e6-4446-a1ec-79ef7709e213.체험독서 (69).png', NULL, NULL, 'c4732cea-a649-49bc-83bd-dd6872d77b8c_b3e7aadd-c7e6-4446-a1ec-79ef7709e213.체험독서 (69).png', NULL, NULL, '2024-03-05 16:37:58', NULL),
	('host1', 6, '체험독서-예술', '당신이 예술에 행복해하는 사람이라면, 여기서 만나요.', '할까, 말까 고민될 때 “남는 건 경험!”이라 외치는 당신에게\r\n새로운 경험은 나 자신을 더 잘 알게 해주고, 취향의 폭을 넓혀주며, 세상에 대한 이해도를 높여줍니다. 우리는 책을 읽고, 책 내용을 직접 경험할 겁니다. 미술책을 읽고 화가가 된 듯 그림을 그려 봅시다. 소설을 읽고 두 주인공이 이별을 맞이한 장소에 직접 가봅시다.\r\n\r\n\r\n\r\n책과 커뮤니티의 힘을 빌린다면, 무궁무진한 경험의 세계가 펼쳐질 거예요. 내가 이 경험을 좋아할지 아닐지는, 경험해 봐야 알겠죠!', '2024-03-08 20:00:00', '김문 님', 20, 14, '신청가능', 'b9f52b91-769e-40c0-8b4a-ffc8de99636f.체험독서 (67).png', NULL, NULL, 'f1e90bec-52e1-49e2-9866-7f256c4d3838_b9f52b91-769e-40c0-8b4a-ffc8de99636f.체험독서 (67).png', NULL, NULL, '2024-03-05 16:39:12', NULL),
	('host1', 6, '체험독서-쑥쑥', '파트너만 17번째! 트레바리가 일상이 된 파트너와 트레바리 시작하기', '할까, 말까 고민될 때 “남는 건 경험!”이라 외치는 당신에게\r\n새로운 경험은 나 자신을 더 잘 알게 해주고, 취향의 폭을 넓혀주며, 세상에 대한 이해도를 높여줍니다. 우리는 책을 읽고, 책 내용을 직접 경험할 겁니다. 미술책을 읽고 화가가 된 듯 그림을 그려 봅시다. 소설을 읽고 두 주인공이 이별을 맞이한 장소에 직접 가봅시다.\r\n\r\n\r\n\r\n책과 커뮤니티의 힘을 빌린다면, 무궁무진한 경험의 세계가 펼쳐질 거예요. 내가 이 경험을 좋아할지 아닐지는, 경험해 봐야 알겠죠!', '2024-03-17 15:00:00', '배진호 님', 15, 9, '신청가능', '39ded120-afe4-4562-925a-aa52a0608bd4.체험독서 (66).png', NULL, NULL, 'f733dfa7-38bd-47d6-8b1a-3a62d44524bc_39ded120-afe4-4562-925a-aa52a0608bd4.체험독서 (66).png', NULL, NULL, '2024-03-05 16:40:23', NULL),
	('host1', 6, '찰칵', '기억은 짧고, 기록은 길다. 1일 1기록 같이 하실래요?', '지금 이 순간을, 찰칵\r\n“삶은 흘러가는 것이라 사진을 찍는 순간 사라지기 때문에 똑같은 장면을 다시 찍는다는 것은 불가능하다. 인생은 한 번뿐이다. 영원히.” - 앙리 카르티에 브레송\r\n\r\n\r\n\r\n“렌즈는 ‘바깥’을 향해 있더라도 사진은 자신의 ‘안’에서 생성되는 시선의 매개체다.” - 책 『당신 곁에 있습니다』에서 발췌\r\n\r\n\r\n\r\n[찰칵]은 책과 사진으로 생각과 시선을 나누는 클럽입니다. 인생에서 한 번뿐인 지금 이 순간을 조금 더 소중하게 기억하는 방법을 나눕니다.\r\n\r\n\r\n\r\n프레임 속 피사체, 찍는 순간의 감정 등 다양한 주제로 얘기해봐요. 스스로에 대해 더 알아가는 시간이 될 거예요.\r\n\r\n\r\n\r\n우리의 대화를 기억하며 셔터를 눌러봐요. 결국 남는 건 사진뿐이니까요.\r\n\r\n\r\n\r\n﻿📝 1일 1기록\r\n\r\n이번 시즌은 매일 기록을 남길 거에요. 인스타든, 블로그든, 다이어리든, 어디든 상관없습니다. 자신에 대해 더 알게 되는 시간이 될 거예요.', '2024-03-21 20:00:00', '이형석 님', 20, 14, '신청가능', 'e9e9d440-0d92-4a1f-a6f8-8245971cd1b2.찰칵.png', NULL, NULL, 'ea1c901e-10e6-4fdd-b4c6-d08979f9e5bb_e9e9d440-0d92-4a1f-a6f8-8245971cd1b2.찰칵.png', NULL, NULL, '2024-03-05 16:41:34', NULL),
	('host1', 6, '체험독서-산', '산에 진심인 파트너와 함께하는 에너제틱 클럽!', '할까, 말까 고민될 때 “남는 건 경험!”이라 외치는 당신에게\r\n새로운 경험은 나 자신을 더 잘 알게 해주고, 취향의 폭을 넓혀주며, 세상에 대한 이해도를 높여줍니다. 우리는 책을 읽고, 책 내용을 직접 경험할 겁니다. 미술책을 읽고 화가가 된 듯 그림을 그려 봅시다. 소설을 읽고 두 주인공이 이별을 맞이한 장소에 직접 가봅시다.\r\n\r\n\r\n\r\n책과 커뮤니티의 힘을 빌린다면, 무궁무진한 경험의 세계가 펼쳐질 거예요. 내가 이 경험을 좋아할지 아닐지는, 경험해 봐야 알겠죠!', '2024-03-22 07:30:00', '김연주 님', 15, 9, '신청가능', 'f77a3733-9816-49cc-ad89-82e5b8e95263.체험독서 (65).png', NULL, NULL, '66675514-167d-40db-9550-10ba0d9998ce_f77a3733-9816-49cc-ad89-82e5b8e95263.체험독서 (65).png', NULL, NULL, '2024-03-05 16:42:35', NULL),
	('host1', 6, '체험독서-지금여기', '지금, 여기 이 순간의 나를 만나보아요!', '할까, 말까 고민될 때 “남는 건 경험!”이라 외치는 당신에게\r\n새로운 경험은 나 자신을 더 잘 알게 해주고, 취향의 폭을 넓혀주며, 세상에 대한 이해도를 높여줍니다. 우리는 책을 읽고, 책 내용을 직접 경험할 겁니다. 미술책을 읽고 화가가 된 듯 그림을 그려 봅시다. 소설을 읽고 두 주인공이 이별을 맞이한 장소에 직접 가봅시다.\r\n\r\n\r\n\r\n책과 커뮤니티의 힘을 빌린다면, 무궁무진한 경험의 세계가 펼쳐질 거예요. 내가 이 경험을 좋아할지 아닐지는, 경험해 봐야 알겠죠!', '2024-03-22 20:00:00', '김유경 님', 20, 14, '신청가능', 'a0d17336-b1c5-4d33-b2e7-dc7f77ead333.체험독서 (58).png', NULL, NULL, '5ada9ff6-71bb-4687-82bf-f32f852d85ed_a0d17336-b1c5-4d33-b2e7-dc7f77ead333.체험독서 (58).png', NULL, NULL, '2024-03-05 16:43:30', NULL),
	('host1', 1, '체험독서-글로우', '반짝반짝, 새로운 취향을 함께 탐험해요!', '까, 말까 고민될 때 “남는 건 경험!”이라 외치는 당신에게\r\n새로운 경험은 나 자신을 더 잘 알게 해주고, 취향의 폭을 넓혀주며, 세상에 대한 이해도를 높여줍니다. 우리는 책을 읽고, 책 내용을 직접 경험할 겁니다. 미술책을 읽고 화가가 된 듯 그림을 그려 봅시다. 소설을 읽고 두 주인공이 이별을 맞이한 장소에 직접 가봅시다.\r\n\r\n\r\n\r\n책과 커뮤니티의 힘을 빌린다면, 무궁무진한 경험의 세계가 펼쳐질 거예요. 내가 이 경험을 좋아할지 아닐지는, 경험해 봐야 알겠죠!', '2024-03-24 15:00:00', '구예진 님', 20, 14, '신청가능', 'a27b1e65-7d45-459c-9c1f-ccaf1fc3c8a9.체험독서 (2).png', NULL, NULL, '9b630b5c-f44f-4009-9f50-ec581141f5a2_a27b1e65-7d45-459c-9c1f-ccaf1fc3c8a9.체험독서 (2).png', NULL, NULL, '2024-03-05 16:45:03', NULL),
	('host1', 6, '체험독서-일탈', '우리의 첫 번째 일탈은 산으로 떠납니다! 벌써 4번째 시즌을 맞이한 클럽.', '할까, 말까 고민될 때 “남는 건 경험!”이라 외치는 당신에게\r\n새로운 경험은 나 자신을 더 잘 알게 해주고, 취향의 폭을 넓혀주며, 세상에 대한 이해도를 높여줍니다. 우리는 책을 읽고, 책 내용을 직접 경험할 겁니다. 미술책을 읽고 화가가 된 듯 그림을 그려 봅시다. 소설을 읽고 두 주인공이 이별을 맞이한 장소에 직접 가봅시다.\r\n\r\n\r\n\r\n책과 커뮤니티의 힘을 빌린다면, 무궁무진한 경험의 세계가 펼쳐질 거예요. 내가 이 경험을 좋아할지 아닐지는, 경험해 봐야 알겠죠!\r\n\r\n', '2024-03-27 19:30:00', '허수영 님', 15, 9, '신청가능', 'e525dc53-fcc3-4d57-8e37-a9b373f3ae16.체험독서 (63).png', NULL, NULL, '20d76dcb-f758-47e1-8379-08c6f2a9a588_e525dc53-fcc3-4d57-8e37-a9b373f3ae16.체험독서 (63).png', NULL, NULL, '2024-03-05 16:46:09', NULL),
	('host1', 6, '미식독서', '즐겁게 읽고 맛있게 먹자!', '생의 모든 것은 다 먹고살자고 하는 일!\r\n먹는 것에 진심이라면 [미식독서]에서 먹고, 읽고, 이야기 나눠요. 우리는 소설 속 음식에 대해 이야기 나누기도 하고, 먹는 것을 좋아하는 사람의 심리를 파헤쳐 보기도 하고, 계속해서 먹으려면 어떻게 돈을 벌어야 할지 고민해 보기도 할 거예요.\r\n\r\n\r\n\r\n‘봄’하면 꽃보다 도다리가 먼저 생각나는 사람이라면, ‘여름’에 마시는 시원한 생맥주 한 잔의 기쁨을 알고 있는 사람이라면, 천고마비의 계절 ‘가을’엔 말처럼 살찐다면, ‘겨울’ 냄새가 나면 가슴속에 2000원을 품고 다니는 사람이라면!\r\n\r\n\r\n\r\n먹는 이야기로 시작하지만 먹는 걸로만 끝나지 않는 맛깔스러운 대화가 가득한 이곳에서 나의 입맛, 책맛 소울 메이트를 찾아보세요!', '2024-04-13 10:00:00', '함주호 님', 15, 14, '마감임박', '99a84a0a-c381-401c-82e2-20a80544d8f9.미식독서.png', NULL, NULL, '6e2bd488-79da-41eb-816d-678bcb50cedf_99a84a0a-c381-401c-82e2-20a80544d8f9.미식독서.png', NULL, NULL, '2024-03-05 16:47:11', NULL);

-- 독서모임　카테고리　데이터
INSERT INTO `bh_club_cate` (`cate`, `cateName`) VALUES
	(1, '커리어 성장'),
	(2, '예술과 문학'),
	(3, '금융/경제/투자'),
	(4, '영화와 책'),
	(5, '과학과 철학'),
	(6, '기타');

-- 독서모임　회원　데이터
INSERT INTO `bh_member` (`userName`, `password`, `name`, `gender`, `phone`, `email`, `role`, `point`, `zip`, `addr1`, `addr2`, `status`, `wdate`, `rdate`, `etc1`, `etc2`, `etc3`, `etc4`, `etc5`) VALUES
	('hansan', '$2a$10$uB7kWc8Z4Dzam3mkGpNRFewdjSQKKJKEE9xEznR5deplTPN7vD8xO', '박한산', 1, '010-8367-7710', 'hansani9611@naver.com', 'USER', 115000, '', '', '', 0, NULL, '2024-03-04 12:52:43', NULL, NULL, NULL, NULL, NULL),
	('host1', '$2a$10$LlXITMxa85jv58A2zevBg.pfww7T.kgCF5Ue2xTkmfCB03Pf092Wy', '호스트', 1, '010-1234-1111', 'hansani9611@naver.com', 'USER', 410000, '', '', '', 0, NULL, '2024-03-05 14:50:34', NULL, NULL, NULL, NULL, NULL);





